{
  "course_version" : 1,
  "environment" : "Catch",
  "summary" : "Programmation avancée en langage C pour les 2TS CIEL B - Lycée E. Branly Amiens",
  "title" : "Langage C 2TSCIELB",
  "programming_language_id" : "ObjectiveC",
  "language" : "fr",
  "course_type" : "Marketplace",
  "vendor" : {
    "name" : "Frederic Janura"
  },
  "items" : [
    {
      "id" : 757989005,
      "title" : "Chapitre_00_Revisions",
      "items" : [
        {
          "id" : 857992524,
          "title" : "Exercices",
          "task_list" : [
            {
              "id" : 1895187728,
              "name" : "Exercice_01",
              "files" : {
                "src/main.cpp" : {
                  "name" : "src/main.cpp",
                  "placeholders" : [ ],
                  "is_visible" : true,
                  "is_binary" : false
                },
                "CMakeLists.txt" : {
                  "name" : "CMakeLists.txt",
                  "placeholders" : [ ],
                  "is_visible" : false,
                  "is_binary" : false
                }
              },
              "description_text" : "# Exercice 01\n\nÉcrire un programme en C et le compléter au fur et à mesure des questions suivantes :\n1.\tDemander à l'utilisateur de saisir un nombre qui soit obligatoirement positif.\n2.\tAfficher ce nombre.\n3.\tAfficher la table de multiplication de ce nombre (quand on le multiplie par 1, puis 2, puis 3, ....., jusque 12)\n4.\tCalculer la factorielle de ce nombre (1 x 2 x 3 x 4 pour factorielle 4 par exemple) sans utiliser de bibliothèque spécifique.\n",
              "description_format" : "MD",
              "task_type" : "theory"
            },
            {
              "id" : 1713596987,
              "name" : "Exercice_02",
              "files" : {
                "src/main.cpp" : {
                  "name" : "src/main.cpp",
                  "placeholders" : [ ],
                  "is_visible" : true,
                  "is_binary" : false
                },
                "CMakeLists.txt" : {
                  "name" : "CMakeLists.txt",
                  "placeholders" : [ ],
                  "is_visible" : false,
                  "is_binary" : false
                }
              },
              "description_text" : "# Exercice 02\n\nÉcrire un programme en C qui saisit 2 entiers x1 et x2, et qui à l’aide d’un menu propose à l’utilisateur de faire :\n1. La somme des 2 nombres\n2. Le produit des 2 nombres\n3. D’afficher les entiers compris entre ces 2 nombres\n4. Et ceci tant que l’utilisateur ne souhaite pas quitter le programme\n",
              "description_format" : "MD",
              "task_type" : "theory"
            },
            {
              "id" : 1238894245,
              "name" : "Exercice_03",
              "files" : {
                "src/main.cpp" : {
                  "name" : "src/main.cpp",
                  "placeholders" : [ ],
                  "is_visible" : true,
                  "is_binary" : false
                },
                "CMakeLists.txt" : {
                  "name" : "CMakeLists.txt",
                  "placeholders" : [ ],
                  "is_visible" : false,
                  "is_binary" : false
                }
              },
              "description_text" : "# Exercice 03\n\nCoder le programme en C qui permet:\n1. Demander à l'utilisateur de saisir un nombre entier\n2. Créer un menu afin de proposer à l’utilisateur de calculer soit le double, soit le triple, soit l’opposé du nombre saisi (et qui indique une erreur si l’utilisateur se trompe au moment du choix.\n3. Afficher tous les nombres entiers compris entre 1 et cette valeur.\n4. Afficher tous les multiples de 3 compris entre 1 et cette valeur et le ombre de multiples.\n5. Afficher la valeur de la somme des entiers compris entre 1 et cette valeur.\n6. Afficher la moyenne de ces valeurs.\n7. Modifier le programme pour que l’utilisateur puisse recommencer à partir de l’étape n°1 autant de fois qu’il le souhaite.\n",
              "description_format" : "MD",
              "task_type" : "theory"
            },
            {
              "id" : 479221417,
              "name" : "Exercice_04",
              "files" : {
                "src/main.cpp" : {
                  "name" : "src/main.cpp",
                  "placeholders" : [ ],
                  "is_visible" : true,
                  "is_binary" : false
                },
                "CMakeLists.txt" : {
                  "name" : "CMakeLists.txt",
                  "placeholders" : [ ],
                  "is_visible" : false,
                  "is_binary" : false
                }
              },
              "description_text" : "# Exercice 04\n\nÉcrire un programme en C qui saisit une succession de nombres entiers, tant que les nombres sont dans un ordre croissant, et s’arrête dès qu’un entier saisi est inférieur au précédent...  \n\nChaque nombre saisi est bien sûr affiché juste après sa saisie.  \n\nModifier le programme pour afficher à la fin le nombre de valeurs saisies...  \n\nModifier le programme pour afficher la somme des valeurs saisies (sans le nombre qui arrête la saisie).\n\n---\nNe pas hésiter, si votre algorithme ne fonctionne pas, à un temps de REFLEXION !!!  \nPrenez une feuille et analysez votre code et son implémentation.\n",
              "description_format" : "MD",
              "task_type" : "theory"
            }
          ],
          "type" : "lesson"
        }
      ],
      "type" : "section"
    },
    {
      "id" : 1893319303,
      "title" : "Chapitre_01_Tableaux",
      "items" : [
        {
          "id" : 618836082,
          "title" : "Exercices",
          "task_list" : [
            {
              "id" : 378885924,
              "name" : "Exercice_01",
              "files" : {
                "src/main.cpp" : {
                  "name" : "src/main.cpp",
                  "placeholders" : [ ],
                  "is_visible" : true,
                  "is_binary" : false
                },
                "CMakeLists.txt" : {
                  "name" : "CMakeLists.txt",
                  "placeholders" : [ ],
                  "is_visible" : false,
                  "is_binary" : false
                }
              },
              "description_text" : "# Exercice 01\n\nÉcrire un programme qui :  \n•\tDéclare un tableau de 15 entiers  \n•\tLe remplit avec les valeurs de 1 à 15 (à l’aide d’une boucle)    \n•\tAffiche le tableau ainsi rempli  \n",
              "description_format" : "MD",
              "task_type" : "theory"
            },
            {
              "id" : 598539375,
              "name" : "Exercice_02",
              "files" : {
                "src/main.cpp" : {
                  "name" : "src/main.cpp",
                  "placeholders" : [ ],
                  "is_visible" : true,
                  "is_binary" : false
                },
                "CMakeLists.txt" : {
                  "name" : "CMakeLists.txt",
                  "placeholders" : [ ],
                  "is_visible" : false,
                  "is_binary" : false
                }
              },
              "description_text" : "# Exercice 02\n\nÉcrire un programme qui :  \n•\tDemande à l’utilisateur de saisir 10 valeurs entières qui seront stockées dans un tableau  \n•\tAffiche le tableau  \n•\tAffiche le contenu des cases paires du tableau (index pair)  \n•\tAffiche les cases dont les valeurs sont paires  \n•\tAffiche les cases dont les valeurs sont supérieures à 20  \n•\tCalcule la somme des valeurs des cases et affiche le résultat  \n",
              "description_format" : "MD",
              "task_type" : "theory"
            },
            {
              "id" : 606974756,
              "name" : "Exercice_03",
              "files" : {
                "src/main.cpp" : {
                  "name" : "src/main.cpp",
                  "placeholders" : [ ],
                  "is_visible" : true,
                  "is_binary" : false
                },
                "CMakeLists.txt" : {
                  "name" : "CMakeLists.txt",
                  "placeholders" : [ ],
                  "is_visible" : false,
                  "is_binary" : false
                }
              },
              "description_text" : "# Exercice 03\n\nÉcrire un programme qui :  \n•\tPermet à l’utilisateur de saisir 10 entiers positifs et négatifs et de les stocker dans un tableau  \n•\tAffiche le tableau saisi  \n•\tRemplace les valeurs négatives par leur opposé  \n•\tAffiche le nouveau tableau  \n•\tDétermine quelle est la valeur minimale des éléments du tableau  \n•\tDétermine dans quelle case se trouve la valeur maximale des éléments du tableau  \n",
              "description_format" : "MD",
              "task_type" : "theory"
            },
            {
              "id" : 1672629855,
              "name" : "Exercice_04",
              "files" : {
                "src/main.cpp" : {
                  "name" : "src/main.cpp",
                  "placeholders" : [ ],
                  "is_visible" : true,
                  "is_binary" : false
                },
                "CMakeLists.txt" : {
                  "name" : "CMakeLists.txt",
                  "placeholders" : [ ],
                  "is_visible" : false,
                  "is_binary" : false
                }
              },
              "description_text" : "# Exerice 04\n\nÉcrire un programme, toujours en langage C, qui :  \n•\tLit 5 valeurs de type double saisies par l’utilisateur  \n•\tLes stocke dans un tableau  \n•\tCalcule la réciproque de chaque valeur (1.0/x) et la stocke dans un autre tableau  \n•\tAffiche les valeurs des réciproques et du nombre correspondant du premier tableau  \n•\tAffiche la somme des réciproques  \n",
              "description_format" : "MD",
              "task_type" : "theory"
            },
            {
              "id" : 19973092,
              "name" : "Exercice_05",
              "files" : {
                "src/main.cpp" : {
                  "name" : "src/main.cpp",
                  "placeholders" : [ ],
                  "is_visible" : true,
                  "is_binary" : false
                },
                "CMakeLists.txt" : {
                  "name" : "CMakeLists.txt",
                  "placeholders" : [ ],
                  "is_visible" : false,
                  "is_binary" : false
                }
              },
              "description_text" : "# Exercice 05\n\nÉcrire un programme qui de :  \n•\tDéclarer un tableau de 100 éléments de type double appelé 'dataArray' par exemple.  \n•\tÉcrire une boucle qui va stocker la séquence de valeurs suivante dans les éléments correspondant du tableau : 1/(2*3*4)    1/(4*5*6)    1/(6*7*8)… jusqu'à 1/(200*201*202)  \n•\tÉcrire une autre boucle qui va calculer : dataArray[0] – dataArray[1] + dataArray[2] – dataArray[3] +  … - dataArray[99]  \n•\tMultiplier le résultat obtenu par 4.0, ajouter 3.0 et afficher le résultat final.  \n•\tReconnaissez-vous la valeur obtenue ?   \n",
              "description_format" : "MD",
              "task_type" : "theory"
            },
            {
              "id" : 1526587231,
              "name" : "Exercice_06",
              "files" : {
                "src/main.cpp" : {
                  "name" : "src/main.cpp",
                  "placeholders" : [ ],
                  "is_visible" : true,
                  "is_binary" : false
                },
                "CMakeLists.txt" : {
                  "name" : "CMakeLists.txt",
                  "placeholders" : [ ],
                  "is_visible" : false,
                  "is_binary" : false
                }
              },
              "description_text" : "# Execice 06\n\nÉcrire le programme qui permet de :  \n•\tDéclarer un tableau à 2 dimensions : array[11][5] de type double  \n•\tInitialiser les éléments de la première dimension avec des valeurs allant de 2.0 à 3.0 avec un pas de 0.1  \n•\tSoit ‘x’ le premier élément d'une ligne, ajouter 1/x, 2x, 3x et 4x dans la deuxième dimension (colonnes)  \n•\tAfficher les valeurs de chaque ligne dans la console avec une entête pour chaque colonne (C1 C2 C3 C4 C5)  \n\n## Exemple de mise en forme d'un tableau dans la console\n```c++\nint main() {\n    // Exemple de tableau 2D\n    int tableau[4][3] = {\n        {12, 345, 6},\n        {789, 1, 23},\n        {45, 678, 9012},\n        {3, 456, 78}\n    };\n    \n    int lignes = 4;\n    int colonnes = 3;\n    \n    printf(\"=== Méthode 1: Avec spécificateur de largeur ===\\n\");\n    // Chaque colonne fait 8 caractères de large, alignée à droite\n    for (int i = 0; i < lignes; i++) {\n        for (int j = 0; j < colonnes; j++) {\n            printf(\"%8d\", tableau[i][j]);  // 8 caractères de large\n            if (j < colonnes - 1) {\n                printf(\"\\t\");  // Tabulation entre les colonnes\n            }\n        }\n        printf(\"\\n\");\n    }\n    \n    printf(\"\\n=== Méthode 2: Alignement à gauche ===\\n\");\n    // Chaque colonne fait 8 caractères de large, alignée à gauche\n    for (int i = 0; i < lignes; i++) {\n        for (int j = 0; j < colonnes; j++) {\n            printf(\"%-8d\", tableau[i][j]);  // 8 caractères de large, aligné à gauche\n            if (j < colonnes - 1) {\n                printf(\"\\t\");  // Tabulation entre les colonnes\n            }\n        }\n        printf(\"\\n\");\n    }\n    \n    printf(\"\\n=== Méthode 3: Avec en-têtes ===\\n\");\n    // Affichage avec en-têtes de colonnes\n    printf(\"%-8s\\t%-8s\\t%-8s\\n\", \"Col1\", \"Col2\", \"Col3\");\n    printf(\"--------\\t--------\\t--------\\n\");\n    \n    for (int i = 0; i < lignes; i++) {\n        for (int j = 0; j < colonnes; j++) {\n            printf(\"%-8d\", tableau[i][j]);\n            if (j < colonnes - 1) {\n                printf(\"\\t\");\n            }\n        }\n        printf(\"\\n\");\n    }\n}\n\n```",
              "description_format" : "MD",
              "task_type" : "theory"
            }
          ],
          "type" : "lesson"
        },
        {
          "id" : 1205802571,
          "title" : "TP_Library",
          "task_list" : [
            {
              "id" : 145909287,
              "name" : "Bibliotheque",
              "files" : {
                "src/main.cpp" : {
                  "name" : "src/main.cpp",
                  "placeholders" : [ ],
                  "is_visible" : true,
                  "is_binary" : false
                },
                "CMakeLists.txt" : {
                  "name" : "CMakeLists.txt",
                  "placeholders" : [ ],
                  "is_visible" : false,
                  "is_binary" : false
                }
              },
              "description_text" : "# TP Bibliothèque\n\nPour ce TP, aucune structure ne doit être utilisée, seuls les tableaux sont autorisés.  \nUtiliser des constantes pour gérer la taille des tableaux à des fins de debug (tester avec 1 à 3 livres par exemple…).  \n\nOn considère une bibliothèque disposant de 50 livres pour les emprunteurs.  \nChaque livre est repéré par :  \n•\tSon titre  \n•\tSon auteur  \n•\tSon nombre de pages  \n•\tSon emprunteur (nom de famille uniquement) qui vaut un espace si le livre est disponible  \n\nÉcrire un programme permettant de saisir la liste des livres puis au choix de l’utilisateur :  \n•\tAfficher la liste des livres  \n•\tRechercher si un livre est présent dans la bibliothèque (même s’il est emprunté) à partir du titre du livre  \n•\tRechercher si un livre est disponible pour être emprunté  \n•\tEmprunter un livre  \n•\tRendre un livre  \n•\tEt ceci tant que l’utilisateur ne souhaite pas quitter le programme.\n\n## Un peu de théorie\n- On rappelle que si `ch1` et `ch2` sont 2 chaînes de caractères, `strcmp(ch1, ch2)` vaut 0 si les deux chaînes ch1 et ch2 sont identiques.\n- Pour prendre en compte les caractères accentués, ajouter ces 2 lignes dans le main() :    \n```c++\nsetlocale(LC_ALL, \"\"); // prise en charge des caractères accentués  \nsystem(\"chcp 65001\"); // change l'encodage de la console en UTF-8  \n```\n\n### Insertion de chaînes de caractères dans un tableau\n```c++\nprintf(\"Saisir le titre du livre : \");\nfgets(titres[nbLivres], MAX_TITRE, stdin);\ntitres[nbLivres][strcspn(titres[nbLivres], \"\\n\")] = '\\0';\n``` \n\nCette étape permet d'enlever le \\n   \n`strcspn` sert à trouver la position du caractère de nouvelle ligne (\\n) dans la chaîne saisie par l’utilisateur\net le remplacer le caractère nul ('\\0').  \nLorsque vous utilisez la fonction `fgets()` pour lire une chaîne de caractères elle inclut automatiquement le caractère de retour à la ligne \\n à la fin de la chaîne sauf si l'entrée dépasse la taille maximale spécifiée pour la chaîne.  \nSi l'utilisateur appuie sur \"Entrée\" après avoir saisi le titre, un \\n sera ajouté à la fin de la chaîne ce qui peut poser problème lors de l'affichage ou des comparaisons de chaînes.  \n\n### utilisation de getchar()\n```c++\nscanf(\"%d\", &nb_pages[nbLivres]);\ngetchar(); // Pour consommer le \\n après l'entier\n```\nLa fonction `getchar()` est souvent utilisée après `scanf()`.  \nC'est une technique courante pour consommer le caractère de retour à la ligne (\\n) qui est laissé dans le flux d'entrée après l'utilisation de scanf().  \nATTENTION : Ne pas utiliser `fflush(stdin)` à la place: NON recommandé dans les normes C standard.",
              "description_format" : "MD",
              "task_type" : "theory"
            }
          ],
          "type" : "lesson"
        },
        {
          "id" : 65158939,
          "title" : "TP_Tri",
          "task_list" : [
            {
              "id" : 994700749,
              "name" : "Tri_de_Tableau",
              "files" : {
                "src/main.cpp" : {
                  "name" : "src/main.cpp",
                  "placeholders" : [ ],
                  "is_visible" : true,
                  "is_binary" : false
                },
                "CMakeLists.txt" : {
                  "name" : "CMakeLists.txt",
                  "placeholders" : [ ],
                  "is_visible" : false,
                  "is_binary" : false
                }
              },
              "description_text" : "# TP Tri de Tableau\n\nLe problème du tri de données a beaucoup été étudié et de nombreux algorithmes ont été proposés. Le problème à résoudre s’exprime ainsi : étant donné un tableau Tab de N éléments entiers munis d’une relation d’ordre, classer les éléments de Tab par ordre croissant.  \n\nOn s’intéresse dans cet exercice à l’étude de deux tris :  \n•\tTri par sélection et échange  \n•\tTri par insertion  \n\n### Pour le tri par sélection et échange, la méthode se résume comme suit :  \n•\tDéterminer le plus petit élément du tableau  \n•\tPermuter cet élément avec le premier élément  \n•\tRecommencer sur le sous-tableau privé de son premier élément.  \n\nExemple :  Pour le tableau suivant   \n\n<b>25</b>\t18\t6\t45\t14\t80\t<b>3</b>\t60  \n\nAprès la première étape on obtient le tableau suivant :  \n<b>3</b>\t18\t6\t45\t14\t80\t<b>25</b>\t60\n\nAprès la deuxième étape on obtient le tableau suivant :  \n3\t<b>6</b>\t<b>18</b>\t45\t14\t80\t25\t60\n\nAprès la troisième étape on obtient le tableau suivant :  \n3\t6\t<b>14</b>\t45\t<b>18</b>\t80\t25\t60\nEtc…\n\n### Pour le tri par insertion :\nA chaque pas de l’algorithme, on suppose qu’une partie du tableau est déjà triée.  \nIl s’agit d’insérer un des éléments de la partie non triée dans la partie triée.  \nVous pouvez pour cela utiliser un deuxième tableau qui va devenir le tableau trié mais pour compliquer un peu l’algorithme, il est possible de réaliser le tri avec un seul tableau.  \n\nExemple :  Pour le tableau  \nTab  \n25\t18\t6\t45\t14\t80\t3\t60  \nTabAux est vide  \n\nAprès la première étape on a les tableaux suivants :  \nTab  \n25\t18\t6\t45\t14\t80\t3\t60  \nEt TabAux  \n25  \n\nAprès la deuxième étape on a les tableaux suivants :  \nTab  \n25\t18\t6\t45\t14\t80\t3\t60  \nEt TabAux  \n18\t25  \n\nEt ainsi de suite...  \n6\t18\t25  \t\t\n6\t18\t25\t45  \t\t\t\t\n6\t14\t18\t25\t45\n\nAvec un seul tableau :  \n25\t18\t6\t45\t14\t80\t3\t60  \n18\t25\t6\t45\t14\t80\t3\t60  \n6\t18\t25\t45\t14\t80\t3\t60  \n6\t14\t18\t25\t45\t80\t3\t60  \n3\t6\t14\t18\t25\t45\t80\t60  \n3\t6\t14\t18\t25\t45\t60\t80  \n\n## Travail à Réaliser\n\nÉcrire un programme comportant un menu qui propose à l’utilisateur\n1. De saisir les valeurs du tableau à trier\n2. D’afficher le contenu du tableau\n3. Le choix de la méthode de tri (et affiche le résultat)\n\n\n\n\n\n\n",
              "description_format" : "MD",
              "task_type" : "theory"
            }
          ],
          "type" : "lesson"
        }
      ],
      "type" : "section"
    }
  ],
  "additional_files" : [
    {
      "name" : "CMakeLists.txt",
      "is_visible" : true,
      "is_binary" : false
    },
    {
      "name" : "cmake/utils.cmake",
      "is_visible" : true,
      "is_binary" : false
    },
    {
      "name" : "cmake/catch.cmake",
      "is_visible" : true,
      "is_binary" : false
    },
    {
      "name" : "cmake-build-debug/Chapitre_00_Revisions/Exercices/Exercice_01/CMakeFiles/Chapitre_00_Revisions-Exercices-Ex01-run.dir/objects.a",
      "is_visible" : true,
      "is_binary" : false
    },
    {
      "name" : "cmake-build-debug/Chapitre_00_Revisions/Exercices/Exercice_02/CMakeFiles/Chapitre_00_Revisions-Exercices-Exercice_02-run.dir/objects.a",
      "is_visible" : true,
      "is_binary" : false
    },
    {
      "name" : "cmake-build-debug/Chapitre_00_Revisions/Exercices/Exercice_03/CMakeFiles/Chapitre_00_Revisions-Exercices-Exercice_03-run.dir/objects.a",
      "is_visible" : true,
      "is_binary" : false
    },
    {
      "name" : "cmake-build-debug/Chapitre_00_Revisions/Exercices/Exercice_04/CMakeFiles/Chapitre_00_Revisions-Exercices-Exercice_04-run.dir/objects.a",
      "is_visible" : true,
      "is_binary" : false
    },
    {
      "name" : "cmake-build-debug/Chapitre_01_Tableaux/TP_Library/Bibliotheque/CMakeFiles/Chapitre_01_Tableaux-TP_Library-Bibliotheque-run.dir/objects.a",
      "is_visible" : true,
      "is_binary" : false
    },
    {
      "name" : "cmake-build-debug/CMakeFiles/clion-Debug-log.txt",
      "is_visible" : true,
      "is_binary" : false
    },
    {
      "name" : "cmake-build-debug/Chapitre_01_Tableaux/TP_Library/Bibliotheque/Chapitre_01_Tableaux-TP_Library-Bibliotheque-run.exe",
      "is_visible" : true,
      "is_binary" : true
    },
    {
      "name" : "cmake-build-debug/Chapitre_00_Revisions/Exercices/Exercice_02/Chapitre_00_Revisions-Exercices-Exercice_02-run.exe",
      "is_visible" : true,
      "is_binary" : true
    },
    {
      "name" : "cmake-build-debug/Chapitre_00_Revisions/Exercices/Exercice_01/CMakeFiles/Chapitre_00_Revisions-Exercices-Ex01-run.dir/src/main.cpp.obj.d",
      "is_visible" : true,
      "is_binary" : false
    },
    {
      "name" : "cmake-build-debug/Chapitre_00_Revisions/Exercices/Exercice_01/CMakeFiles/Chapitre_00_Revisions-Exercices-Ex01-run.dir/src/main.cpp.obj",
      "is_visible" : true,
      "is_binary" : true
    },
    {
      "name" : "cmake-build-debug/Chapitre_00_Revisions/Exercices/Exercice_03/CMakeFiles/Chapitre_00_Revisions-Exercices-Exercice_03-run.dir/src/main.cpp.obj.d",
      "is_visible" : true,
      "is_binary" : false
    },
    {
      "name" : "cmake-build-debug/Chapitre_00_Revisions/Exercices/Exercice_03/CMakeFiles/Chapitre_00_Revisions-Exercices-Exercice_03-run.dir/src/main.cpp.obj",
      "is_visible" : true,
      "is_binary" : true
    },
    {
      "name" : "cmake-build-debug/Chapitre_00_Revisions/Exercices/Exercice_02/CMakeFiles/Chapitre_00_Revisions-Exercices-Exercice_02-run.dir/src/main.cpp.obj.d",
      "is_visible" : true,
      "is_binary" : false
    },
    {
      "name" : "cmake-build-debug/Chapitre_00_Revisions/Exercices/Exercice_02/CMakeFiles/Chapitre_00_Revisions-Exercices-Exercice_02-run.dir/src/main.cpp.obj",
      "is_visible" : true,
      "is_binary" : true
    },
    {
      "name" : "cmake-build-debug/Chapitre_00_Revisions/Exercices/Exercice_03/Chapitre_00_Revisions-Exercices-Exercice_03-run.exe",
      "is_visible" : true,
      "is_binary" : true
    },
    {
      "name" : "cmake-build-debug/Chapitre_01_Tableaux/TP_Library/Bibliotheque/CMakeFiles/Chapitre_01_Tableaux-TP_Library-Bibliotheque-run.dir/src/main.cpp.obj.d",
      "is_visible" : true,
      "is_binary" : false
    },
    {
      "name" : "cmake-build-debug/Chapitre_01_Tableaux/TP_Library/Bibliotheque/CMakeFiles/Chapitre_01_Tableaux-TP_Library-Bibliotheque-run.dir/src/main.cpp.obj",
      "is_visible" : true,
      "is_binary" : true
    },
    {
      "name" : "cmake-build-debug/Chapitre_00_Revisions/Exercices/Exercice_01/Chapitre_00_Revisions-Exercices-Ex01-run.exe",
      "is_visible" : true,
      "is_binary" : true
    },
    {
      "name" : "cmake-build-debug/Chapitre_00_Revisions/Exercices/Exercice_04/Chapitre_00_Revisions-Exercices-Exercice_04-run.exe",
      "is_visible" : true,
      "is_binary" : true
    },
    {
      "name" : "cmake-build-debug/Chapitre_00_Revisions/Exercices/Exercice_04/CMakeFiles/Chapitre_00_Revisions-Exercices-Exercice_04-run.dir/src/main.cpp.obj.d",
      "is_visible" : true,
      "is_binary" : false
    },
    {
      "name" : "cmake-build-debug/Chapitre_00_Revisions/Exercices/Exercice_04/CMakeFiles/Chapitre_00_Revisions-Exercices-Exercice_04-run.dir/src/main.cpp.obj",
      "is_visible" : true,
      "is_binary" : true
    }
  ],
  "version" : 21,
  "edu_plugin_version" : "2025.7-2025.2-431"
}